,score,time,samples,fmin,fmax,thres,n_dr,subject,session,channels,n_sessions,dataset,pipeline,FreqBand
0,0.5905,10.166559,200.0,2.0,4.0,0.0,64.0,14.0,session_0,64.0,1.0,Cho2017,imcoh+elasticnet,delta
1,0.95,10.2427635,200.0,2.0,4.0,0.0,64.0,43.0,session_0,64.0,1.0,Cho2017,imcoh+elasticnet,delta
2,0.983,10.048445,200.0,2.0,4.0,0.0,64.0,50.0,session_0,64.0,1.0,Cho2017,imcoh+elasticnet,delta
3,0.4485,10.066731,200.0,2.0,4.0,0.0,64.0,35.0,session_0,64.0,1.0,Cho2017,imcoh+elasticnet,delta
4,0.5515,10.021474,200.0,2.0,4.0,0.0,64.0,3.0,session_0,64.0,1.0,Cho2017,imcoh+elasticnet,delta
5,0.4835,10.231519,200.0,2.0,4.0,0.0,64.0,29.0,session_0,64.0,1.0,Cho2017,imcoh+elasticnet,delta
6,0.54756945,9.842227,240.0,2.0,4.0,0.0,64.0,7.0,session_0,64.0,1.0,Cho2017,imcoh+elasticnet,delta
7,0.448,10.211829,200.0,2.0,4.0,0.0,64.0,17.0,session_0,64.0,1.0,Cho2017,imcoh+elasticnet,delta
8,0.452,10.232309,200.0,2.0,4.0,0.0,64.0,40.0,session_0,64.0,1.0,Cho2017,imcoh+elasticnet,delta
9,0.44,9.73196,200.0,2.0,4.0,0.0,64.0,38.0,session_0,64.0,1.0,Cho2017,imcoh+elasticnet,delta
10,0.4205,5.478437,200.0,2.0,4.0,0.0,64.0,14.0,session_0,64.0,1.0,Cho2017,plv+elasticnet,delta
11,0.69,4.9739046,200.0,2.0,4.0,0.0,64.0,43.0,session_0,64.0,1.0,Cho2017,plv+elasticnet,delta
12,0.923,5.110025,200.0,2.0,4.0,0.0,64.0,50.0,session_0,64.0,1.0,Cho2017,plv+elasticnet,delta
13,0.46,5.180104,200.0,2.0,4.0,0.0,64.0,35.0,session_0,64.0,1.0,Cho2017,plv+elasticnet,delta
14,0.6065,5.0160785,200.0,2.0,4.0,0.0,64.0,3.0,session_0,64.0,1.0,Cho2017,plv+elasticnet,delta
15,0.5295,5.562247,200.0,2.0,4.0,0.0,64.0,29.0,session_0,64.0,1.0,Cho2017,plv+elasticnet,delta
16,0.40833333,5.5564766,240.0,2.0,4.0,0.0,64.0,7.0,session_0,64.0,1.0,Cho2017,plv+elasticnet,delta
17,0.6005,5.380091,200.0,2.0,4.0,0.0,64.0,17.0,session_0,64.0,1.0,Cho2017,plv+elasticnet,delta
18,0.531,5.1512876,200.0,2.0,4.0,0.0,64.0,40.0,session_0,64.0,1.0,Cho2017,plv+elasticnet,delta
19,0.467,4.7463875,200.0,2.0,4.0,0.0,64.0,38.0,session_0,64.0,1.0,Cho2017,plv+elasticnet,delta
20,0.5495,5.634095,200.0,2.0,4.0,0.0,64.0,14.0,session_0,64.0,1.0,Cho2017,wpli2_debiased+elasticnet,delta
21,0.8125,9.622013,200.0,2.0,4.0,0.0,64.0,43.0,session_0,64.0,1.0,Cho2017,wpli2_debiased+elasticnet,delta
22,0.713,9.521298,200.0,2.0,4.0,0.0,64.0,50.0,session_0,64.0,1.0,Cho2017,wpli2_debiased+elasticnet,delta
23,0.595,5.636306,200.0,2.0,4.0,0.0,64.0,35.0,session_0,64.0,1.0,Cho2017,wpli2_debiased+elasticnet,delta
24,0.475,8.261153,200.0,2.0,4.0,0.0,64.0,3.0,session_0,64.0,1.0,Cho2017,wpli2_debiased+elasticnet,delta
25,0.422,6.5393677,200.0,2.0,4.0,0.0,64.0,29.0,session_0,64.0,1.0,Cho2017,wpli2_debiased+elasticnet,delta
26,0.48194444,6.6528087,240.0,2.0,4.0,0.0,64.0,7.0,session_0,64.0,1.0,Cho2017,wpli2_debiased+elasticnet,delta
27,0.5075,9.761865,200.0,2.0,4.0,0.0,64.0,17.0,session_0,64.0,1.0,Cho2017,wpli2_debiased+elasticnet,delta
28,0.4575,7.21841,200.0,2.0,4.0,0.0,64.0,40.0,session_0,64.0,1.0,Cho2017,wpli2_debiased+elasticnet,delta
29,0.4965,9.739386,200.0,2.0,4.0,0.0,64.0,38.0,session_0,64.0,1.0,Cho2017,wpli2_debiased+elasticnet,delta
30,0.516,6.7578588,200.0,2.0,4.0,0.0,64.0,14.0,session_0,64.0,1.0,Cho2017,lagged+elasticnet,delta
31,0.874,8.023303,200.0,2.0,4.0,0.0,64.0,43.0,session_0,64.0,1.0,Cho2017,lagged+elasticnet,delta
32,0.922,6.4453425,200.0,2.0,4.0,0.0,64.0,50.0,session_0,64.0,1.0,Cho2017,lagged+elasticnet,delta
33,0.5225,6.902842,200.0,2.0,4.0,0.0,64.0,35.0,session_0,64.0,1.0,Cho2017,lagged+elasticnet,delta
34,0.561,6.8634424,200.0,2.0,4.0,0.0,64.0,3.0,session_0,64.0,1.0,Cho2017,lagged+elasticnet,delta
35,0.431,6.7759743,200.0,2.0,4.0,0.0,64.0,29.0,session_0,64.0,1.0,Cho2017,lagged+elasticnet,delta
36,0.38055557,7.2156916,240.0,2.0,4.0,0.0,64.0,7.0,session_0,64.0,1.0,Cho2017,lagged+elasticnet,delta
37,0.528,7.7703047,200.0,2.0,4.0,0.0,64.0,17.0,session_0,64.0,1.0,Cho2017,lagged+elasticnet,delta
38,0.479,5.920102,200.0,2.0,4.0,0.0,64.0,40.0,session_0,64.0,1.0,Cho2017,lagged+elasticnet,delta
39,0.473,10.078736,200.0,2.0,4.0,0.0,64.0,38.0,session_0,64.0,1.0,Cho2017,lagged+elasticnet,delta
40,0.5425,5.741971,200.0,2.0,4.0,0.0,64.0,14.0,session_0,64.0,1.0,Cho2017,coh+elasticnet,delta
41,0.78,6.5401545,200.0,2.0,4.0,0.0,64.0,43.0,session_0,64.0,1.0,Cho2017,coh+elasticnet,delta
42,0.978,4.9637847,200.0,2.0,4.0,0.0,64.0,50.0,session_0,64.0,1.0,Cho2017,coh+elasticnet,delta
43,0.496,6.164593,200.0,2.0,4.0,0.0,64.0,35.0,session_0,64.0,1.0,Cho2017,coh+elasticnet,delta
44,0.5555,6.641027,200.0,2.0,4.0,0.0,64.0,3.0,session_0,64.0,1.0,Cho2017,coh+elasticnet,delta
45,0.5515,7.1086626,200.0,2.0,4.0,0.0,64.0,29.0,session_0,64.0,1.0,Cho2017,coh+elasticnet,delta
46,0.40486112,5.2627873,240.0,2.0,4.0,0.0,64.0,7.0,session_0,64.0,1.0,Cho2017,coh+elasticnet,delta
47,0.5515,6.339665,200.0,2.0,4.0,0.0,64.0,17.0,session_0,64.0,1.0,Cho2017,coh+elasticnet,delta
48,0.5425,5.6984067,200.0,2.0,4.0,0.0,64.0,40.0,session_0,64.0,1.0,Cho2017,coh+elasticnet,delta
49,0.429,9.561913,200.0,2.0,4.0,0.0,64.0,38.0,session_0,64.0,1.0,Cho2017,coh+elasticnet,delta
50,0.575,4.260913,200.0,2.0,4.0,0.0,64.0,14.0,session_0,64.0,1.0,Cho2017,instantaneous+elasticnet,delta
51,0.886,4.358703,200.0,2.0,4.0,0.0,64.0,43.0,session_0,64.0,1.0,Cho2017,instantaneous+elasticnet,delta
52,0.9825,4.0706825,200.0,2.0,4.0,0.0,64.0,50.0,session_0,64.0,1.0,Cho2017,instantaneous+elasticnet,delta
53,0.568,4.3798943,200.0,2.0,4.0,0.0,64.0,35.0,session_0,64.0,1.0,Cho2017,instantaneous+elasticnet,delta
54,0.5425,3.8885431,200.0,2.0,4.0,0.0,64.0,3.0,session_0,64.0,1.0,Cho2017,instantaneous+elasticnet,delta
55,0.501,3.911773,200.0,2.0,4.0,0.0,64.0,29.0,session_0,64.0,1.0,Cho2017,instantaneous+elasticnet,delta
56,0.45104167,5.1426196,240.0,2.0,4.0,0.0,64.0,7.0,session_0,64.0,1.0,Cho2017,instantaneous+elasticnet,delta
57,0.4245,4.1793647,200.0,2.0,4.0,0.0,64.0,17.0,session_0,64.0,1.0,Cho2017,instantaneous+elasticnet,delta
58,0.565,4.2148223,200.0,2.0,4.0,0.0,64.0,40.0,session_0,64.0,1.0,Cho2017,instantaneous+elasticnet,delta
59,0.436,4.1628423,200.0,2.0,4.0,0.0,64.0,38.0,session_0,64.0,1.0,Cho2017,instantaneous+elasticnet,delta
0,0.714,15.234793,200.0,4.0,8.0,0.0,64.0,14.0,session_0,64.0,1.0,Cho2017,imcoh+elasticnet,theta
1,0.9065,13.66853,200.0,4.0,8.0,0.0,64.0,43.0,session_0,64.0,1.0,Cho2017,imcoh+elasticnet,theta
2,0.837,13.334898,200.0,4.0,8.0,0.0,64.0,50.0,session_0,64.0,1.0,Cho2017,imcoh+elasticnet,theta
3,0.621,15.301907,200.0,4.0,8.0,0.0,64.0,35.0,session_0,64.0,1.0,Cho2017,imcoh+elasticnet,theta
4,0.508,14.247428,200.0,4.0,8.0,0.0,64.0,3.0,session_0,64.0,1.0,Cho2017,imcoh+elasticnet,theta
5,0.594,15.339405,200.0,4.0,8.0,0.0,64.0,29.0,session_0,64.0,1.0,Cho2017,imcoh+elasticnet,theta
6,0.64618057,18.465359,240.0,4.0,8.0,0.0,64.0,7.0,session_0,64.0,1.0,Cho2017,imcoh+elasticnet,theta
7,0.4875,15.238942,200.0,4.0,8.0,0.0,64.0,17.0,session_0,64.0,1.0,Cho2017,imcoh+elasticnet,theta
8,0.5115,15.347391,200.0,4.0,8.0,0.0,64.0,40.0,session_0,64.0,1.0,Cho2017,imcoh+elasticnet,theta
9,0.554,14.636712,200.0,4.0,8.0,0.0,64.0,38.0,session_0,64.0,1.0,Cho2017,imcoh+elasticnet,theta
10,0.6885,10.681176,200.0,4.0,8.0,0.0,64.0,14.0,session_0,64.0,1.0,Cho2017,wpli2_debiased+elasticnet,theta
11,0.6885,14.228559,200.0,4.0,8.0,0.0,64.0,43.0,session_0,64.0,1.0,Cho2017,wpli2_debiased+elasticnet,theta
12,0.556,10.707242,200.0,4.0,8.0,0.0,64.0,50.0,session_0,64.0,1.0,Cho2017,wpli2_debiased+elasticnet,theta
13,0.4565,10.988509,200.0,4.0,8.0,0.0,64.0,35.0,session_0,64.0,1.0,Cho2017,wpli2_debiased+elasticnet,theta
14,0.546,10.569976,200.0,4.0,8.0,0.0,64.0,3.0,session_0,64.0,1.0,Cho2017,wpli2_debiased+elasticnet,theta
15,0.6075,11.454938,200.0,4.0,8.0,0.0,64.0,29.0,session_0,64.0,1.0,Cho2017,wpli2_debiased+elasticnet,theta
16,0.41631943,12.508051,240.0,4.0,8.0,0.0,64.0,7.0,session_0,64.0,1.0,Cho2017,wpli2_debiased+elasticnet,theta
17,0.552,11.2894,200.0,4.0,8.0,0.0,64.0,17.0,session_0,64.0,1.0,Cho2017,wpli2_debiased+elasticnet,theta
18,0.5215,10.387161,200.0,4.0,8.0,0.0,64.0,40.0,session_0,64.0,1.0,Cho2017,wpli2_debiased+elasticnet,theta
19,0.605,13.607007,200.0,4.0,8.0,0.0,64.0,38.0,session_0,64.0,1.0,Cho2017,wpli2_debiased+elasticnet,theta
20,0.58,5.95506,200.0,4.0,8.0,0.0,64.0,14.0,session_0,64.0,1.0,Cho2017,lagged+elasticnet,theta
21,0.768,6.391812,200.0,4.0,8.0,0.0,64.0,43.0,session_0,64.0,1.0,Cho2017,lagged+elasticnet,theta
22,0.6365,5.996785,200.0,4.0,8.0,0.0,64.0,50.0,session_0,64.0,1.0,Cho2017,lagged+elasticnet,theta
23,0.5915,6.205548,200.0,4.0,8.0,0.0,64.0,35.0,session_0,64.0,1.0,Cho2017,lagged+elasticnet,theta
24,0.462,6.171171,200.0,4.0,8.0,0.0,64.0,3.0,session_0,64.0,1.0,Cho2017,lagged+elasticnet,theta
25,0.5285,6.3634315,200.0,4.0,8.0,0.0,64.0,29.0,session_0,64.0,1.0,Cho2017,lagged+elasticnet,theta
26,0.42048612,6.955604,240.0,4.0,8.0,0.0,64.0,7.0,session_0,64.0,1.0,Cho2017,lagged+elasticnet,theta
27,0.5055,5.949594,200.0,4.0,8.0,0.0,64.0,17.0,session_0,64.0,1.0,Cho2017,lagged+elasticnet,theta
28,0.529,5.73372,200.0,4.0,8.0,0.0,64.0,40.0,session_0,64.0,1.0,Cho2017,lagged+elasticnet,theta
29,0.5675,4.5150366,200.0,4.0,8.0,0.0,64.0,38.0,session_0,64.0,1.0,Cho2017,lagged+elasticnet,theta
30,0.645,11.221658,200.0,4.0,8.0,0.0,64.0,14.0,session_0,64.0,1.0,Cho2017,coh+elasticnet,theta
31,0.6745,10.08576,200.0,4.0,8.0,0.0,64.0,43.0,session_0,64.0,1.0,Cho2017,coh+elasticnet,theta
32,0.708,9.974829,200.0,4.0,8.0,0.0,64.0,50.0,session_0,64.0,1.0,Cho2017,coh+elasticnet,theta
33,0.512,11.062632,200.0,4.0,8.0,0.0,64.0,35.0,session_0,64.0,1.0,Cho2017,coh+elasticnet,theta
34,0.5175,10.693263,200.0,4.0,8.0,0.0,64.0,3.0,session_0,64.0,1.0,Cho2017,coh+elasticnet,theta
35,0.5195,11.125589,200.0,4.0,8.0,0.0,64.0,29.0,session_0,64.0,1.0,Cho2017,coh+elasticnet,theta
36,0.42881945,11.95426,240.0,4.0,8.0,0.0,64.0,7.0,session_0,64.0,1.0,Cho2017,coh+elasticnet,theta
37,0.51,10.2073145,200.0,4.0,8.0,0.0,64.0,17.0,session_0,64.0,1.0,Cho2017,coh+elasticnet,theta
38,0.443,10.463294,200.0,4.0,8.0,0.0,64.0,40.0,session_0,64.0,1.0,Cho2017,coh+elasticnet,theta
39,0.5175,14.612725,200.0,4.0,8.0,0.0,64.0,38.0,session_0,64.0,1.0,Cho2017,coh+elasticnet,theta
40,0.5295,11.487444,200.0,4.0,8.0,0.0,64.0,14.0,session_0,64.0,1.0,Cho2017,plv+elasticnet,theta
41,0.678,12.878818,200.0,4.0,8.0,0.0,64.0,43.0,session_0,64.0,1.0,Cho2017,plv+elasticnet,theta
42,0.5985,14.43354,200.0,4.0,8.0,0.0,64.0,50.0,session_0,64.0,1.0,Cho2017,plv+elasticnet,theta
43,0.4265,13.939824,200.0,4.0,8.0,0.0,64.0,35.0,session_0,64.0,1.0,Cho2017,plv+elasticnet,theta
44,0.483,14.762711,200.0,4.0,8.0,0.0,64.0,3.0,session_0,64.0,1.0,Cho2017,plv+elasticnet,theta
45,0.6345,14.877508,200.0,4.0,8.0,0.0,64.0,29.0,session_0,64.0,1.0,Cho2017,plv+elasticnet,theta
46,0.5065972,13.066472,240.0,4.0,8.0,0.0,64.0,7.0,session_0,64.0,1.0,Cho2017,plv+elasticnet,theta
47,0.507,10.932624,200.0,4.0,8.0,0.0,64.0,17.0,session_0,64.0,1.0,Cho2017,plv+elasticnet,theta
48,0.455,14.762635,200.0,4.0,8.0,0.0,64.0,40.0,session_0,64.0,1.0,Cho2017,plv+elasticnet,theta
49,0.492,12.089405,200.0,4.0,8.0,0.0,64.0,38.0,session_0,64.0,1.0,Cho2017,plv+elasticnet,theta
50,0.8095,3.3496704,200.0,4.0,8.0,0.0,64.0,14.0,session_0,64.0,1.0,Cho2017,instantaneous+elasticnet,theta
51,0.7925,3.249945,200.0,4.0,8.0,0.0,64.0,43.0,session_0,64.0,1.0,Cho2017,instantaneous+elasticnet,theta
52,0.8595,3.2431817,200.0,4.0,8.0,0.0,64.0,50.0,session_0,64.0,1.0,Cho2017,instantaneous+elasticnet,theta
53,0.7885,3.2448606,200.0,4.0,8.0,0.0,64.0,35.0,session_0,64.0,1.0,Cho2017,instantaneous+elasticnet,theta
54,0.597,2.8269215,200.0,4.0,8.0,0.0,64.0,3.0,session_0,64.0,1.0,Cho2017,instantaneous+elasticnet,theta
55,0.5065,3.2809231,200.0,4.0,8.0,0.0,64.0,29.0,session_0,64.0,1.0,Cho2017,instantaneous+elasticnet,theta
56,0.51111114,4.2799716,240.0,4.0,8.0,0.0,64.0,7.0,session_0,64.0,1.0,Cho2017,instantaneous+elasticnet,theta
57,0.577,3.2521696,200.0,4.0,8.0,0.0,64.0,17.0,session_0,64.0,1.0,Cho2017,instantaneous+elasticnet,theta
58,0.534,3.4416616,200.0,4.0,8.0,0.0,64.0,40.0,session_0,64.0,1.0,Cho2017,instantaneous+elasticnet,theta
59,0.4775,2.8261828,200.0,4.0,8.0,0.0,64.0,38.0,session_0,64.0,1.0,Cho2017,instantaneous+elasticnet,theta
0,0.831,15.213513,200.0,8.0,12.0,0.0,64.0,14.0,session_0,64.0,1.0,Cho2017,imcoh+elasticnet,alpha
1,0.7685,15.162473,200.0,8.0,12.0,0.0,64.0,43.0,session_0,64.0,1.0,Cho2017,imcoh+elasticnet,alpha
2,0.559,13.490692,200.0,8.0,12.0,0.0,64.0,50.0,session_0,64.0,1.0,Cho2017,imcoh+elasticnet,alpha
3,0.559,14.085678,200.0,8.0,12.0,0.0,64.0,35.0,session_0,64.0,1.0,Cho2017,imcoh+elasticnet,alpha
4,0.611,13.75818,200.0,8.0,12.0,0.0,64.0,3.0,session_0,64.0,1.0,Cho2017,imcoh+elasticnet,alpha
5,0.5295,15.263919,200.0,8.0,12.0,0.0,64.0,29.0,session_0,64.0,1.0,Cho2017,imcoh+elasticnet,alpha
6,0.54444444,18.303774,240.0,8.0,12.0,0.0,64.0,7.0,session_0,64.0,1.0,Cho2017,imcoh+elasticnet,alpha
7,0.6095,13.685186,200.0,8.0,12.0,0.0,64.0,17.0,session_0,64.0,1.0,Cho2017,imcoh+elasticnet,alpha
8,0.551,15.340093,200.0,8.0,12.0,0.0,64.0,40.0,session_0,64.0,1.0,Cho2017,imcoh+elasticnet,alpha
9,0.449,14.96109,200.0,8.0,12.0,0.0,64.0,38.0,session_0,64.0,1.0,Cho2017,imcoh+elasticnet,alpha
10,0.752,10.516317,200.0,8.0,12.0,0.0,64.0,14.0,session_0,64.0,1.0,Cho2017,plv+elasticnet,alpha
11,0.601,14.749386,200.0,8.0,12.0,0.0,64.0,43.0,session_0,64.0,1.0,Cho2017,plv+elasticnet,alpha
12,0.6405,9.879591,200.0,8.0,12.0,0.0,64.0,50.0,session_0,64.0,1.0,Cho2017,plv+elasticnet,alpha
13,0.4605,12.460115,200.0,8.0,12.0,0.0,64.0,35.0,session_0,64.0,1.0,Cho2017,plv+elasticnet,alpha
14,0.529,11.152767,200.0,8.0,12.0,0.0,64.0,3.0,session_0,64.0,1.0,Cho2017,plv+elasticnet,alpha
15,0.543,10.875026,200.0,8.0,12.0,0.0,64.0,29.0,session_0,64.0,1.0,Cho2017,plv+elasticnet,alpha
16,0.6107639,12.922347,240.0,8.0,12.0,0.0,64.0,7.0,session_0,64.0,1.0,Cho2017,plv+elasticnet,alpha
17,0.552,9.8514805,200.0,8.0,12.0,0.0,64.0,17.0,session_0,64.0,1.0,Cho2017,plv+elasticnet,alpha
18,0.4865,10.660369,200.0,8.0,12.0,0.0,64.0,40.0,session_0,64.0,1.0,Cho2017,plv+elasticnet,alpha
19,0.5125,9.483013,200.0,8.0,12.0,0.0,64.0,38.0,session_0,64.0,1.0,Cho2017,plv+elasticnet,alpha
20,0.8795,10.660238,200.0,8.0,12.0,0.0,64.0,14.0,session_0,64.0,1.0,Cho2017,coh+elasticnet,alpha
21,0.7,9.72314,200.0,8.0,12.0,0.0,64.0,43.0,session_0,64.0,1.0,Cho2017,coh+elasticnet,alpha
22,0.648,10.719175,200.0,8.0,12.0,0.0,64.0,50.0,session_0,64.0,1.0,Cho2017,coh+elasticnet,alpha
23,0.6185,11.428171,200.0,8.0,12.0,0.0,64.0,35.0,session_0,64.0,1.0,Cho2017,coh+elasticnet,alpha
24,0.7085,11.450593,200.0,8.0,12.0,0.0,64.0,3.0,session_0,64.0,1.0,Cho2017,coh+elasticnet,alpha
25,0.5865,11.241965,200.0,8.0,12.0,0.0,64.0,29.0,session_0,64.0,1.0,Cho2017,coh+elasticnet,alpha
26,0.5173611,12.022504,240.0,8.0,12.0,0.0,64.0,7.0,session_0,64.0,1.0,Cho2017,coh+elasticnet,alpha
27,0.488,9.910195,200.0,8.0,12.0,0.0,64.0,17.0,session_0,64.0,1.0,Cho2017,coh+elasticnet,alpha
28,0.4875,12.506543,200.0,8.0,12.0,0.0,64.0,40.0,session_0,64.0,1.0,Cho2017,coh+elasticnet,alpha
29,0.4885,13.716528,200.0,8.0,12.0,0.0,64.0,38.0,session_0,64.0,1.0,Cho2017,coh+elasticnet,alpha
30,0.8105,6.41232,200.0,8.0,12.0,0.0,64.0,14.0,session_0,64.0,1.0,Cho2017,lagged+elasticnet,alpha
31,0.6195,5.490933,200.0,8.0,12.0,0.0,64.0,43.0,session_0,64.0,1.0,Cho2017,lagged+elasticnet,alpha
32,0.4945,6.3741903,200.0,8.0,12.0,0.0,64.0,50.0,session_0,64.0,1.0,Cho2017,lagged+elasticnet,alpha
33,0.6555,6.3407264,200.0,8.0,12.0,0.0,64.0,35.0,session_0,64.0,1.0,Cho2017,lagged+elasticnet,alpha
34,0.556,6.695732,200.0,8.0,12.0,0.0,64.0,3.0,session_0,64.0,1.0,Cho2017,lagged+elasticnet,alpha
35,0.5555,5.95326,200.0,8.0,12.0,0.0,64.0,29.0,session_0,64.0,1.0,Cho2017,lagged+elasticnet,alpha
36,0.46493056,6.805214,240.0,8.0,12.0,0.0,64.0,7.0,session_0,64.0,1.0,Cho2017,lagged+elasticnet,alpha
37,0.5835,5.7325544,200.0,8.0,12.0,0.0,64.0,17.0,session_0,64.0,1.0,Cho2017,lagged+elasticnet,alpha
38,0.524,7.0954742,200.0,8.0,12.0,0.0,64.0,40.0,session_0,64.0,1.0,Cho2017,lagged+elasticnet,alpha
39,0.5405,4.3212543,200.0,8.0,12.0,0.0,64.0,38.0,session_0,64.0,1.0,Cho2017,lagged+elasticnet,alpha
40,0.7135,13.788771,200.0,8.0,12.0,0.0,64.0,14.0,session_0,64.0,1.0,Cho2017,wpli2_debiased+elasticnet,alpha
41,0.527,14.675756,200.0,8.0,12.0,0.0,64.0,43.0,session_0,64.0,1.0,Cho2017,wpli2_debiased+elasticnet,alpha
42,0.4225,10.77591,200.0,8.0,12.0,0.0,64.0,50.0,session_0,64.0,1.0,Cho2017,wpli2_debiased+elasticnet,alpha
43,0.431,11.119957,200.0,8.0,12.0,0.0,64.0,35.0,session_0,64.0,1.0,Cho2017,wpli2_debiased+elasticnet,alpha
44,0.5405,12.695961,200.0,8.0,12.0,0.0,64.0,3.0,session_0,64.0,1.0,Cho2017,wpli2_debiased+elasticnet,alpha
45,0.509,10.85654,200.0,8.0,12.0,0.0,64.0,29.0,session_0,64.0,1.0,Cho2017,wpli2_debiased+elasticnet,alpha
46,0.5381944,12.560316,240.0,8.0,12.0,0.0,64.0,7.0,session_0,64.0,1.0,Cho2017,wpli2_debiased+elasticnet,alpha
47,0.417,14.15313,200.0,8.0,12.0,0.0,64.0,17.0,session_0,64.0,1.0,Cho2017,wpli2_debiased+elasticnet,alpha
48,0.4995,12.824998,200.0,8.0,12.0,0.0,64.0,40.0,session_0,64.0,1.0,Cho2017,wpli2_debiased+elasticnet,alpha
49,0.5555,12.916927,200.0,8.0,12.0,0.0,64.0,38.0,session_0,64.0,1.0,Cho2017,wpli2_debiased+elasticnet,alpha
50,0.9705,2.9849815,200.0,8.0,12.0,0.0,64.0,14.0,session_0,64.0,1.0,Cho2017,instantaneous+elasticnet,alpha
51,0.8395,3.2021146,200.0,8.0,12.0,0.0,64.0,43.0,session_0,64.0,1.0,Cho2017,instantaneous+elasticnet,alpha
52,0.678,3.417442,200.0,8.0,12.0,0.0,64.0,50.0,session_0,64.0,1.0,Cho2017,instantaneous+elasticnet,alpha
53,0.8695,3.228031,200.0,8.0,12.0,0.0,64.0,35.0,session_0,64.0,1.0,Cho2017,instantaneous+elasticnet,alpha
54,0.749,3.1530988,200.0,8.0,12.0,0.0,64.0,3.0,session_0,64.0,1.0,Cho2017,instantaneous+elasticnet,alpha
55,0.648,3.243005,200.0,8.0,12.0,0.0,64.0,29.0,session_0,64.0,1.0,Cho2017,instantaneous+elasticnet,alpha
56,0.51840276,3.8701773,240.0,8.0,12.0,0.0,64.0,7.0,session_0,64.0,1.0,Cho2017,instantaneous+elasticnet,alpha
57,0.4645,3.252079,200.0,8.0,12.0,0.0,64.0,17.0,session_0,64.0,1.0,Cho2017,instantaneous+elasticnet,alpha
58,0.4335,3.831609,200.0,8.0,12.0,0.0,64.0,40.0,session_0,64.0,1.0,Cho2017,instantaneous+elasticnet,alpha
59,0.5935,2.8924096,200.0,8.0,12.0,0.0,64.0,38.0,session_0,64.0,1.0,Cho2017,instantaneous+elasticnet,alpha
0,0.578,14.408204,200.0,15.0,30.0,0.0,64.0,14.0,session_0,64.0,1.0,Cho2017,wpli2_debiased+elasticnet,beta
1,0.419,12.150762,200.0,15.0,30.0,0.0,64.0,43.0,session_0,64.0,1.0,Cho2017,wpli2_debiased+elasticnet,beta
2,0.522,12.56643,200.0,15.0,30.0,0.0,64.0,50.0,session_0,64.0,1.0,Cho2017,wpli2_debiased+elasticnet,beta
3,0.707,13.493725,200.0,15.0,30.0,0.0,64.0,35.0,session_0,64.0,1.0,Cho2017,wpli2_debiased+elasticnet,beta
4,0.3995,17.153399,200.0,15.0,30.0,0.0,64.0,3.0,session_0,64.0,1.0,Cho2017,wpli2_debiased+elasticnet,beta
5,0.487,13.746319,200.0,15.0,30.0,0.0,64.0,29.0,session_0,64.0,1.0,Cho2017,wpli2_debiased+elasticnet,beta
6,0.4965278,14.794235,240.0,15.0,30.0,0.0,64.0,7.0,session_0,64.0,1.0,Cho2017,wpli2_debiased+elasticnet,beta
7,0.5655,13.347448,200.0,15.0,30.0,0.0,64.0,17.0,session_0,64.0,1.0,Cho2017,wpli2_debiased+elasticnet,beta
8,0.546,12.380194,200.0,15.0,30.0,0.0,64.0,40.0,session_0,64.0,1.0,Cho2017,wpli2_debiased+elasticnet,beta
9,0.4765,12.063537,200.0,15.0,30.0,0.0,64.0,38.0,session_0,64.0,1.0,Cho2017,wpli2_debiased+elasticnet,beta
10,0.946,2.9969244,200.0,15.0,30.0,0.0,64.0,14.0,session_0,64.0,1.0,Cho2017,instantaneous+elasticnet,beta
11,0.944,3.0310373,200.0,15.0,30.0,0.0,64.0,43.0,session_0,64.0,1.0,Cho2017,instantaneous+elasticnet,beta
12,0.955,3.4370875,200.0,15.0,30.0,0.0,64.0,50.0,session_0,64.0,1.0,Cho2017,instantaneous+elasticnet,beta
13,0.9205,3.0127757,200.0,15.0,30.0,0.0,64.0,35.0,session_0,64.0,1.0,Cho2017,instantaneous+elasticnet,beta
14,0.884,3.4408903,200.0,15.0,30.0,0.0,64.0,3.0,session_0,64.0,1.0,Cho2017,instantaneous+elasticnet,beta
15,0.4785,3.5946286,200.0,15.0,30.0,0.0,64.0,29.0,session_0,64.0,1.0,Cho2017,instantaneous+elasticnet,beta
16,0.55243057,4.1511235,240.0,15.0,30.0,0.0,64.0,7.0,session_0,64.0,1.0,Cho2017,instantaneous+elasticnet,beta
17,0.5325,3.485343,200.0,15.0,30.0,0.0,64.0,17.0,session_0,64.0,1.0,Cho2017,instantaneous+elasticnet,beta
18,0.521,3.4963963,200.0,15.0,30.0,0.0,64.0,40.0,session_0,64.0,1.0,Cho2017,instantaneous+elasticnet,beta
19,0.558,3.4675088,200.0,15.0,30.0,0.0,64.0,38.0,session_0,64.0,1.0,Cho2017,instantaneous+elasticnet,beta
20,0.7395,15.997646,200.0,15.0,30.0,0.0,64.0,14.0,session_0,64.0,1.0,Cho2017,imcoh+elasticnet,beta
21,0.687,17.751768,200.0,15.0,30.0,0.0,64.0,43.0,session_0,64.0,1.0,Cho2017,imcoh+elasticnet,beta
22,0.6855,17.679121,200.0,15.0,30.0,0.0,64.0,50.0,session_0,64.0,1.0,Cho2017,imcoh+elasticnet,beta
23,0.733,17.730217,200.0,15.0,30.0,0.0,64.0,35.0,session_0,64.0,1.0,Cho2017,imcoh+elasticnet,beta
24,0.706,17.629906,200.0,15.0,30.0,0.0,64.0,3.0,session_0,64.0,1.0,Cho2017,imcoh+elasticnet,beta
25,0.6245,17.65531,200.0,15.0,30.0,0.0,64.0,29.0,session_0,64.0,1.0,Cho2017,imcoh+elasticnet,beta
26,0.5399306,21.26713,240.0,15.0,30.0,0.0,64.0,7.0,session_0,64.0,1.0,Cho2017,imcoh+elasticnet,beta
27,0.424,17.674187,200.0,15.0,30.0,0.0,64.0,17.0,session_0,64.0,1.0,Cho2017,imcoh+elasticnet,beta
28,0.4795,17.813639,200.0,15.0,30.0,0.0,64.0,40.0,session_0,64.0,1.0,Cho2017,imcoh+elasticnet,beta
29,0.5235,17.116049,200.0,15.0,30.0,0.0,64.0,38.0,session_0,64.0,1.0,Cho2017,imcoh+elasticnet,beta
30,0.586,5.2911615,200.0,15.0,30.0,0.0,64.0,14.0,session_0,64.0,1.0,Cho2017,lagged+elasticnet,beta
31,0.5945,5.329653,200.0,15.0,30.0,0.0,64.0,43.0,session_0,64.0,1.0,Cho2017,lagged+elasticnet,beta
32,0.5695,5.0443425,200.0,15.0,30.0,0.0,64.0,50.0,session_0,64.0,1.0,Cho2017,lagged+elasticnet,beta
33,0.682,5.225055,200.0,15.0,30.0,0.0,64.0,35.0,session_0,64.0,1.0,Cho2017,lagged+elasticnet,beta
34,0.4965,6.34808,200.0,15.0,30.0,0.0,64.0,3.0,session_0,64.0,1.0,Cho2017,lagged+elasticnet,beta
35,0.465,5.6214795,200.0,15.0,30.0,0.0,64.0,29.0,session_0,64.0,1.0,Cho2017,lagged+elasticnet,beta
36,0.48125,6.0420394,240.0,15.0,30.0,0.0,64.0,7.0,session_0,64.0,1.0,Cho2017,lagged+elasticnet,beta
37,0.4725,5.472393,200.0,15.0,30.0,0.0,64.0,17.0,session_0,64.0,1.0,Cho2017,lagged+elasticnet,beta
38,0.5375,5.1681166,200.0,15.0,30.0,0.0,64.0,40.0,session_0,64.0,1.0,Cho2017,lagged+elasticnet,beta
39,0.5125,4.841415,200.0,15.0,30.0,0.0,64.0,38.0,session_0,64.0,1.0,Cho2017,lagged+elasticnet,beta
40,0.6865,15.436968,200.0,15.0,30.0,0.0,64.0,14.0,session_0,64.0,1.0,Cho2017,coh+elasticnet,beta
41,0.771,16.14613,200.0,15.0,30.0,0.0,64.0,43.0,session_0,64.0,1.0,Cho2017,coh+elasticnet,beta
42,0.8915,16.568453,200.0,15.0,30.0,0.0,64.0,50.0,session_0,64.0,1.0,Cho2017,coh+elasticnet,beta
43,0.9115,16.056545,200.0,15.0,30.0,0.0,64.0,35.0,session_0,64.0,1.0,Cho2017,coh+elasticnet,beta
44,0.78,17.23991,200.0,15.0,30.0,0.0,64.0,3.0,session_0,64.0,1.0,Cho2017,coh+elasticnet,beta
45,0.4385,17.365227,200.0,15.0,30.0,0.0,64.0,29.0,session_0,64.0,1.0,Cho2017,coh+elasticnet,beta
46,0.45243055,20.89694,240.0,15.0,30.0,0.0,64.0,7.0,session_0,64.0,1.0,Cho2017,coh+elasticnet,beta
47,0.586,13.006919,200.0,15.0,30.0,0.0,64.0,17.0,session_0,64.0,1.0,Cho2017,coh+elasticnet,beta
48,0.453,17.403131,200.0,15.0,30.0,0.0,64.0,40.0,session_0,64.0,1.0,Cho2017,coh+elasticnet,beta
49,0.387,11.4218645,200.0,15.0,30.0,0.0,64.0,38.0,session_0,64.0,1.0,Cho2017,coh+elasticnet,beta
50,0.6485,16.933712,200.0,15.0,30.0,0.0,64.0,14.0,session_0,64.0,1.0,Cho2017,plv+elasticnet,beta
51,0.8985,17.368263,200.0,15.0,30.0,0.0,64.0,43.0,session_0,64.0,1.0,Cho2017,plv+elasticnet,beta
52,0.8225,17.357552,200.0,15.0,30.0,0.0,64.0,50.0,session_0,64.0,1.0,Cho2017,plv+elasticnet,beta
53,0.7945,17.401234,200.0,15.0,30.0,0.0,64.0,35.0,session_0,64.0,1.0,Cho2017,plv+elasticnet,beta
54,0.769,16.196886,200.0,15.0,30.0,0.0,64.0,3.0,session_0,64.0,1.0,Cho2017,plv+elasticnet,beta
55,0.491,14.460339,200.0,15.0,30.0,0.0,64.0,29.0,session_0,64.0,1.0,Cho2017,plv+elasticnet,beta
56,0.38229167,18.628044,240.0,15.0,30.0,0.0,64.0,7.0,session_0,64.0,1.0,Cho2017,plv+elasticnet,beta
57,0.4805,12.545543,200.0,15.0,30.0,0.0,64.0,17.0,session_0,64.0,1.0,Cho2017,plv+elasticnet,beta
58,0.4255,17.5105,200.0,15.0,30.0,0.0,64.0,40.0,session_0,64.0,1.0,Cho2017,plv+elasticnet,beta
59,0.441,17.298933,200.0,15.0,30.0,0.0,64.0,38.0,session_0,64.0,1.0,Cho2017,plv+elasticnet,beta
0,0.605,5.7736263,200.0,30.0,45.0,0.0,64.0,14.0,session_0,64.0,1.0,Cho2017,lagged+elasticnet,gamma
1,0.5275,5.913141,200.0,30.0,45.0,0.0,64.0,43.0,session_0,64.0,1.0,Cho2017,lagged+elasticnet,gamma
2,0.608,5.489339,200.0,30.0,45.0,0.0,64.0,50.0,session_0,64.0,1.0,Cho2017,lagged+elasticnet,gamma
3,0.8125,4.9014606,200.0,30.0,45.0,0.0,64.0,35.0,session_0,64.0,1.0,Cho2017,lagged+elasticnet,gamma
4,0.484,5.0939455,200.0,30.0,45.0,0.0,64.0,3.0,session_0,64.0,1.0,Cho2017,lagged+elasticnet,gamma
5,0.533,4.673024,200.0,30.0,45.0,0.0,64.0,29.0,session_0,64.0,1.0,Cho2017,lagged+elasticnet,gamma
6,0.49097222,5.827947,240.0,30.0,45.0,0.0,64.0,7.0,session_0,64.0,1.0,Cho2017,lagged+elasticnet,gamma
7,0.4935,4.967563,200.0,30.0,45.0,0.0,64.0,17.0,session_0,64.0,1.0,Cho2017,lagged+elasticnet,gamma
8,0.45,4.1961927,200.0,30.0,45.0,0.0,64.0,40.0,session_0,64.0,1.0,Cho2017,lagged+elasticnet,gamma
9,0.523,5.8270645,200.0,30.0,45.0,0.0,64.0,38.0,session_0,64.0,1.0,Cho2017,lagged+elasticnet,gamma
10,0.4995,17.637537,200.0,30.0,45.0,0.0,64.0,14.0,session_0,64.0,1.0,Cho2017,imcoh+elasticnet,gamma
11,0.546,16.959644,200.0,30.0,45.0,0.0,64.0,43.0,session_0,64.0,1.0,Cho2017,imcoh+elasticnet,gamma
12,0.596,17.665031,200.0,30.0,45.0,0.0,64.0,50.0,session_0,64.0,1.0,Cho2017,imcoh+elasticnet,gamma
13,0.8485,17.69797,200.0,30.0,45.0,0.0,64.0,35.0,session_0,64.0,1.0,Cho2017,imcoh+elasticnet,gamma
14,0.5725,17.714996,200.0,30.0,45.0,0.0,64.0,3.0,session_0,64.0,1.0,Cho2017,imcoh+elasticnet,gamma
15,0.5235,17.635082,200.0,30.0,45.0,0.0,64.0,29.0,session_0,64.0,1.0,Cho2017,imcoh+elasticnet,gamma
16,0.5190972,21.35584,240.0,30.0,45.0,0.0,64.0,7.0,session_0,64.0,1.0,Cho2017,imcoh+elasticnet,gamma
17,0.4215,17.679407,200.0,30.0,45.0,0.0,64.0,17.0,session_0,64.0,1.0,Cho2017,imcoh+elasticnet,gamma
18,0.5745,16.446802,200.0,30.0,45.0,0.0,64.0,40.0,session_0,64.0,1.0,Cho2017,imcoh+elasticnet,gamma
19,0.4585,16.91283,200.0,30.0,45.0,0.0,64.0,38.0,session_0,64.0,1.0,Cho2017,imcoh+elasticnet,gamma
20,0.8085,3.457237,200.0,30.0,45.0,0.0,64.0,14.0,session_0,64.0,1.0,Cho2017,instantaneous+elasticnet,gamma
21,0.835,3.4784672,200.0,30.0,45.0,0.0,64.0,43.0,session_0,64.0,1.0,Cho2017,instantaneous+elasticnet,gamma
22,0.984,3.4283128,200.0,30.0,45.0,0.0,64.0,50.0,session_0,64.0,1.0,Cho2017,instantaneous+elasticnet,gamma
23,0.9295,3.017463,200.0,30.0,45.0,0.0,64.0,35.0,session_0,64.0,1.0,Cho2017,instantaneous+elasticnet,gamma
24,0.655,3.053996,200.0,30.0,45.0,0.0,64.0,3.0,session_0,64.0,1.0,Cho2017,instantaneous+elasticnet,gamma
25,0.579,3.6431644,200.0,30.0,45.0,0.0,64.0,29.0,session_0,64.0,1.0,Cho2017,instantaneous+elasticnet,gamma
26,0.51145834,4.1732,240.0,30.0,45.0,0.0,64.0,7.0,session_0,64.0,1.0,Cho2017,instantaneous+elasticnet,gamma
27,0.5675,3.4727328,200.0,30.0,45.0,0.0,64.0,17.0,session_0,64.0,1.0,Cho2017,instantaneous+elasticnet,gamma
28,0.545,3.5086324,200.0,30.0,45.0,0.0,64.0,40.0,session_0,64.0,1.0,Cho2017,instantaneous+elasticnet,gamma
29,0.597,3.298049,200.0,30.0,45.0,0.0,64.0,38.0,session_0,64.0,1.0,Cho2017,instantaneous+elasticnet,gamma
30,0.513,17.313305,200.0,30.0,45.0,0.0,64.0,14.0,session_0,64.0,1.0,Cho2017,plv+elasticnet,gamma
31,0.561,16.124876,200.0,30.0,45.0,0.0,64.0,43.0,session_0,64.0,1.0,Cho2017,plv+elasticnet,gamma
32,0.768,16.189436,200.0,30.0,45.0,0.0,64.0,50.0,session_0,64.0,1.0,Cho2017,plv+elasticnet,gamma
33,0.891,17.4479,200.0,30.0,45.0,0.0,64.0,35.0,session_0,64.0,1.0,Cho2017,plv+elasticnet,gamma
34,0.5015,17.37589,200.0,30.0,45.0,0.0,64.0,3.0,session_0,64.0,1.0,Cho2017,plv+elasticnet,gamma
35,0.473,13.53807,200.0,30.0,45.0,0.0,64.0,29.0,session_0,64.0,1.0,Cho2017,plv+elasticnet,gamma
36,0.49444443,20.986004,240.0,30.0,45.0,0.0,64.0,7.0,session_0,64.0,1.0,Cho2017,plv+elasticnet,gamma
37,0.452,15.211754,200.0,30.0,45.0,0.0,64.0,17.0,session_0,64.0,1.0,Cho2017,plv+elasticnet,gamma
38,0.5325,17.26222,200.0,30.0,45.0,0.0,64.0,40.0,session_0,64.0,1.0,Cho2017,plv+elasticnet,gamma
39,0.4,16.515078,200.0,30.0,45.0,0.0,64.0,38.0,session_0,64.0,1.0,Cho2017,plv+elasticnet,gamma
40,0.593,17.341776,200.0,30.0,45.0,0.0,64.0,14.0,session_0,64.0,1.0,Cho2017,coh+elasticnet,gamma
41,0.6765,15.499559,200.0,30.0,45.0,0.0,64.0,43.0,session_0,64.0,1.0,Cho2017,coh+elasticnet,gamma
42,0.873,17.246626,200.0,30.0,45.0,0.0,64.0,50.0,session_0,64.0,1.0,Cho2017,coh+elasticnet,gamma
43,0.9115,17.24805,200.0,30.0,45.0,0.0,64.0,35.0,session_0,64.0,1.0,Cho2017,coh+elasticnet,gamma
44,0.5275,15.701622,200.0,30.0,45.0,0.0,64.0,3.0,session_0,64.0,1.0,Cho2017,coh+elasticnet,gamma
45,0.514,15.811616,200.0,30.0,45.0,0.0,64.0,29.0,session_0,64.0,1.0,Cho2017,coh+elasticnet,gamma
46,0.525,14.610023,240.0,30.0,45.0,0.0,64.0,7.0,session_0,64.0,1.0,Cho2017,coh+elasticnet,gamma
47,0.5775,17.455763,200.0,30.0,45.0,0.0,64.0,17.0,session_0,64.0,1.0,Cho2017,coh+elasticnet,gamma
48,0.5025,17.337078,200.0,30.0,45.0,0.0,64.0,40.0,session_0,64.0,1.0,Cho2017,coh+elasticnet,gamma
49,0.4835,10.311055,200.0,30.0,45.0,0.0,64.0,38.0,session_0,64.0,1.0,Cho2017,coh+elasticnet,gamma
50,0.544,13.5085125,200.0,30.0,45.0,0.0,64.0,14.0,session_0,64.0,1.0,Cho2017,wpli2_debiased+elasticnet,gamma
51,0.4345,12.1897335,200.0,30.0,45.0,0.0,64.0,43.0,session_0,64.0,1.0,Cho2017,wpli2_debiased+elasticnet,gamma
52,0.5335,12.329663,200.0,30.0,45.0,0.0,64.0,50.0,session_0,64.0,1.0,Cho2017,wpli2_debiased+elasticnet,gamma
53,0.6585,12.227205,200.0,30.0,45.0,0.0,64.0,35.0,session_0,64.0,1.0,Cho2017,wpli2_debiased+elasticnet,gamma
54,0.4905,13.951807,200.0,30.0,45.0,0.0,64.0,3.0,session_0,64.0,1.0,Cho2017,wpli2_debiased+elasticnet,gamma
55,0.4195,12.59809,200.0,30.0,45.0,0.0,64.0,29.0,session_0,64.0,1.0,Cho2017,wpli2_debiased+elasticnet,gamma
56,0.51840276,14.459322,240.0,30.0,45.0,0.0,64.0,7.0,session_0,64.0,1.0,Cho2017,wpli2_debiased+elasticnet,gamma
57,0.521,12.284892,200.0,30.0,45.0,0.0,64.0,17.0,session_0,64.0,1.0,Cho2017,wpli2_debiased+elasticnet,gamma
58,0.5045,12.018659,200.0,30.0,45.0,0.0,64.0,40.0,session_0,64.0,1.0,Cho2017,wpli2_debiased+elasticnet,gamma
59,0.4925,11.326437,200.0,30.0,45.0,0.0,64.0,38.0,session_0,64.0,1.0,Cho2017,wpli2_debiased+elasticnet,gamma
0,0.8015,6.74513,200.0,8.0,35.0,0.0,64.0,14.0,session_0,64.0,1.0,Cho2017,lagged+elasticnet,defaultBand
1,0.774,4.90288,200.0,8.0,35.0,0.0,64.0,43.0,session_0,64.0,1.0,Cho2017,lagged+elasticnet,defaultBand
2,0.57,6.0990887,200.0,8.0,35.0,0.0,64.0,50.0,session_0,64.0,1.0,Cho2017,lagged+elasticnet,defaultBand
3,0.7045,6.243643,200.0,8.0,35.0,0.0,64.0,35.0,session_0,64.0,1.0,Cho2017,lagged+elasticnet,defaultBand
4,0.6465,7.933902,200.0,8.0,35.0,0.0,64.0,3.0,session_0,64.0,1.0,Cho2017,lagged+elasticnet,defaultBand
5,0.501,5.998245,200.0,8.0,35.0,0.0,64.0,29.0,session_0,64.0,1.0,Cho2017,lagged+elasticnet,defaultBand
6,0.5472222,6.6922097,240.0,8.0,35.0,0.0,64.0,7.0,session_0,64.0,1.0,Cho2017,lagged+elasticnet,defaultBand
7,0.5145,5.641313,200.0,8.0,35.0,0.0,64.0,17.0,session_0,64.0,1.0,Cho2017,lagged+elasticnet,defaultBand
8,0.517,6.0372868,200.0,8.0,35.0,0.0,64.0,40.0,session_0,64.0,1.0,Cho2017,lagged+elasticnet,defaultBand
9,0.521,5.0502067,200.0,8.0,35.0,0.0,64.0,38.0,session_0,64.0,1.0,Cho2017,lagged+elasticnet,defaultBand
10,0.977,3.081474,200.0,8.0,35.0,0.0,64.0,14.0,session_0,64.0,1.0,Cho2017,instantaneous+elasticnet,defaultBand
11,0.9795,3.1746342,200.0,8.0,35.0,0.0,64.0,43.0,session_0,64.0,1.0,Cho2017,instantaneous+elasticnet,defaultBand
12,0.975,3.1050897,200.0,8.0,35.0,0.0,64.0,50.0,session_0,64.0,1.0,Cho2017,instantaneous+elasticnet,defaultBand
13,0.927,3.5340314,200.0,8.0,35.0,0.0,64.0,35.0,session_0,64.0,1.0,Cho2017,instantaneous+elasticnet,defaultBand
14,0.909,3.591037,200.0,8.0,35.0,0.0,64.0,3.0,session_0,64.0,1.0,Cho2017,instantaneous+elasticnet,defaultBand
15,0.48,3.8159223,200.0,8.0,35.0,0.0,64.0,29.0,session_0,64.0,1.0,Cho2017,instantaneous+elasticnet,defaultBand
16,0.4965278,4.3742933,240.0,8.0,35.0,0.0,64.0,7.0,session_0,64.0,1.0,Cho2017,instantaneous+elasticnet,defaultBand
17,0.5245,3.6614885,200.0,8.0,35.0,0.0,64.0,17.0,session_0,64.0,1.0,Cho2017,instantaneous+elasticnet,defaultBand
18,0.4975,3.6687577,200.0,8.0,35.0,0.0,64.0,40.0,session_0,64.0,1.0,Cho2017,instantaneous+elasticnet,defaultBand
19,0.5975,3.6687322,200.0,8.0,35.0,0.0,64.0,38.0,session_0,64.0,1.0,Cho2017,instantaneous+elasticnet,defaultBand
20,0.772,8.310577,200.0,8.0,35.0,0.0,64.0,14.0,session_0,64.0,1.0,Cho2017,imcoh+elasticnet,defaultBand
21,0.8835,8.354906,200.0,8.0,35.0,0.0,64.0,43.0,session_0,64.0,1.0,Cho2017,imcoh+elasticnet,defaultBand
22,0.4955,9.686417,200.0,8.0,35.0,0.0,64.0,50.0,session_0,64.0,1.0,Cho2017,imcoh+elasticnet,defaultBand
23,0.774,10.355673,200.0,8.0,35.0,0.0,64.0,35.0,session_0,64.0,1.0,Cho2017,imcoh+elasticnet,defaultBand
24,0.6205,10.352708,200.0,8.0,35.0,0.0,64.0,3.0,session_0,64.0,1.0,Cho2017,imcoh+elasticnet,defaultBand
25,0.729,10.345253,200.0,8.0,35.0,0.0,64.0,29.0,session_0,64.0,1.0,Cho2017,imcoh+elasticnet,defaultBand
26,0.6003472,10.007116,240.0,8.0,35.0,0.0,64.0,7.0,session_0,64.0,1.0,Cho2017,imcoh+elasticnet,defaultBand
27,0.4645,8.343995,200.0,8.0,35.0,0.0,64.0,17.0,session_0,64.0,1.0,Cho2017,imcoh+elasticnet,defaultBand
28,0.528,10.2044935,200.0,8.0,35.0,0.0,64.0,40.0,session_0,64.0,1.0,Cho2017,imcoh+elasticnet,defaultBand
29,0.484,10.335885,200.0,8.0,35.0,0.0,64.0,38.0,session_0,64.0,1.0,Cho2017,imcoh+elasticnet,defaultBand
30,0.795,8.035474,200.0,8.0,35.0,0.0,64.0,14.0,session_0,64.0,1.0,Cho2017,coh+elasticnet,defaultBand
31,0.831,3.9529803,200.0,8.0,35.0,0.0,64.0,43.0,session_0,64.0,1.0,Cho2017,coh+elasticnet,defaultBand
32,0.8925,8.094447,200.0,8.0,35.0,0.0,64.0,50.0,session_0,64.0,1.0,Cho2017,coh+elasticnet,defaultBand
33,0.9135,9.993943,200.0,8.0,35.0,0.0,64.0,35.0,session_0,64.0,1.0,Cho2017,coh+elasticnet,defaultBand
34,0.7615,10.048457,200.0,8.0,35.0,0.0,64.0,3.0,session_0,64.0,1.0,Cho2017,coh+elasticnet,defaultBand
35,0.514,10.1153755,200.0,8.0,35.0,0.0,64.0,29.0,session_0,64.0,1.0,Cho2017,coh+elasticnet,defaultBand
36,0.5295139,5.9375677,240.0,8.0,35.0,0.0,64.0,7.0,session_0,64.0,1.0,Cho2017,coh+elasticnet,defaultBand
37,0.4185,4.395811,200.0,8.0,35.0,0.0,64.0,17.0,session_0,64.0,1.0,Cho2017,coh+elasticnet,defaultBand
38,0.5065,10.1100855,200.0,8.0,35.0,0.0,64.0,40.0,session_0,64.0,1.0,Cho2017,coh+elasticnet,defaultBand
39,0.499,2.766922,200.0,8.0,35.0,0.0,64.0,38.0,session_0,64.0,1.0,Cho2017,coh+elasticnet,defaultBand
40,0.646,8.702324,200.0,8.0,35.0,0.0,64.0,14.0,session_0,64.0,1.0,Cho2017,wpli2_debiased+elasticnet,defaultBand
41,0.658,6.493694,200.0,8.0,35.0,0.0,64.0,43.0,session_0,64.0,1.0,Cho2017,wpli2_debiased+elasticnet,defaultBand
42,0.599,4.7591486,200.0,8.0,35.0,0.0,64.0,50.0,session_0,64.0,1.0,Cho2017,wpli2_debiased+elasticnet,defaultBand
43,0.6935,8.7512245,200.0,8.0,35.0,0.0,64.0,35.0,session_0,64.0,1.0,Cho2017,wpli2_debiased+elasticnet,defaultBand
44,0.5525,9.892819,200.0,8.0,35.0,0.0,64.0,3.0,session_0,64.0,1.0,Cho2017,wpli2_debiased+elasticnet,defaultBand
45,0.579,9.918499,200.0,8.0,35.0,0.0,64.0,29.0,session_0,64.0,1.0,Cho2017,wpli2_debiased+elasticnet,defaultBand
46,0.55243057,6.401946,240.0,8.0,35.0,0.0,64.0,7.0,session_0,64.0,1.0,Cho2017,wpli2_debiased+elasticnet,defaultBand
47,0.587,6.7018886,200.0,8.0,35.0,0.0,64.0,17.0,session_0,64.0,1.0,Cho2017,wpli2_debiased+elasticnet,defaultBand
48,0.5775,5.9529185,200.0,8.0,35.0,0.0,64.0,40.0,session_0,64.0,1.0,Cho2017,wpli2_debiased+elasticnet,defaultBand
49,0.5975,4.98588,200.0,8.0,35.0,0.0,64.0,38.0,session_0,64.0,1.0,Cho2017,wpli2_debiased+elasticnet,defaultBand
50,0.8255,8.196035,200.0,8.0,35.0,0.0,64.0,14.0,session_0,64.0,1.0,Cho2017,plv+elasticnet,defaultBand
51,0.939,7.951832,200.0,8.0,35.0,0.0,64.0,43.0,session_0,64.0,1.0,Cho2017,plv+elasticnet,defaultBand
52,0.846,9.680158,200.0,8.0,35.0,0.0,64.0,50.0,session_0,64.0,1.0,Cho2017,plv+elasticnet,defaultBand
53,0.8855,9.562343,200.0,8.0,35.0,0.0,64.0,35.0,session_0,64.0,1.0,Cho2017,plv+elasticnet,defaultBand
54,0.83,9.647418,200.0,8.0,35.0,0.0,64.0,3.0,session_0,64.0,1.0,Cho2017,plv+elasticnet,defaultBand
55,0.5425,9.639663,200.0,8.0,35.0,0.0,64.0,29.0,session_0,64.0,1.0,Cho2017,plv+elasticnet,defaultBand
56,0.47118056,11.388336,240.0,8.0,35.0,0.0,64.0,7.0,session_0,64.0,1.0,Cho2017,plv+elasticnet,defaultBand
57,0.4705,5.45914,200.0,8.0,35.0,0.0,64.0,17.0,session_0,64.0,1.0,Cho2017,plv+elasticnet,defaultBand
58,0.473,9.732933,200.0,8.0,35.0,0.0,64.0,40.0,session_0,64.0,1.0,Cho2017,plv+elasticnet,defaultBand
59,0.506,4.633672,200.0,8.0,35.0,0.0,64.0,38.0,session_0,64.0,1.0,Cho2017,plv+elasticnet,defaultBand
